Rank,Author,Title,Citations,Year,Publisher,Venue,Source,cit/year
205," Kozinets, U Gretzel",Netnography,7183,2022, elgaronline.com, Encyclopedia of Tourism Management …,https://www.elgaronline.com/view/book/9781800377486/b-9781800377486.netnography.xml,3592
15," Kaplan, M Haenlein","Users of the world, unite! The challenges and opportunities of Social Media",29355,2010, Elsevier, Business horizons,https://www.sciencedirect.com/science/article/pii/S0007681309001232,2097
48,Scott,What is social network analysis?,19343,2012, library.oapen.org,,https://library.oapen.org/handle/20.500.12657/58730,1612
210,Fuchs,Social media: A critical introduction,3675,2021, torrossa.com, Social Media,https://www.torrossa.com/gs/resourceProxy?an=5018557&publisher=FZ7200,1225
124,Sunstein,# Republic,6908,2018, degruyter.com, # Republic,https://www.degruyter.com/document/doi/10.1515/9781400890521/html?lang=en,1151
243,Thomas,How to do your research project: A guide for students,2157,2022, torrossa.com, How to do your research project,https://www.torrossa.com/gs/resourceProxy?an=5409513&publisher=FZ7200,1078
242,"Pipher, S Gilliam",Could not catch title,4122,2019, Penguin,,"Look manually at: https://scholar.google.com/scholar?start=240&q=child+policy+internet+social+network&hl=en&as_sdt=0,5&as_ylo=2003",824
195,"De Nooy, A Mrvar, V Batagelj",Exploratory social network analysis with Pajek: Revised and expanded edition for updated software,4643,2018, books.google.com,,https://books.google.com/books?hl=en&lr=&id=8CdmDwAAQBAJ&oi=fnd&pg=PR13&dq=child+policy+internet+social+network&ots=NYyG8k_wO4&sig=sCY4FivSEPUKIO-z7y1jk15D3gw,774
209, Cornelissen,Corporate communication: A guide to theory and practice,3074,2020, torrossa.com, Corporate Communication,https://www.torrossa.com/gs/resourceProxy?an=5017883&publisher=FZ7200,768
232,Berk,Child development,6296,2015, books.google.com,,https://books.google.com/books?hl=en&lr=&id=Ev1HDgAAQBAJ&oi=fnd&pg=PP1&dq=child+policy+internet+social+network&ots=-2QYf6KXXM&sig=kuyuhwHzDFahd7MUTN1mgsM8YxE,700
235," Jowett, V O'donnell",Propaganda & persuasion,3781,2018, books.google.com,,https://books.google.com/books?hl=en&lr=&id=ThhcDwAAQBAJ&oi=fnd&pg=PP1&dq=child+policy+internet+social+network&ots=FlFwT5BNt2&sig=xh8ho0t5Pgo8h5Ej2nBr0NwMqeo,630
191, Department of Health and Human Services,The health consequences of smoking—50 years of progress: a report of the Surgeon General,6241,2014, aahb.org,,https://aahb.org/Resources/Pictures/Meetings/2014-Charleston/PPT%20Presentations/Sunday%20Welcome/Abrams.AAHB.3.13.v1.o.pdf,624
236,"Leskovec, A Rajaraman, JD Ullman",Mining of massive data sets,2440,2020, books.google.com,,https://books.google.com/books?hl=en&lr=&id=S4HCDwAAQBAJ&oi=fnd&pg=PR9&dq=child+policy+internet+social+network&ots=iQtjmmiBPh&sig=YvueWCT-Gl9WDMFDK5OVfx6LsPs,610
161,"Bott, EB Spillius","Family and social network: Roles, norms and external relationships in ordinary urban families",5730,2014, books.google.com,,https://books.google.com/books?hl=en&lr=&id=m0LtAgAAQBAJ&oi=fnd&pg=PP1&dq=child+policy+internet+social+network&ots=wWLlJMn-YW&sig=wbEtg7Za9CRqTxIZesRk1VfbU1U,573
54,"Knoke, S Yang",Social network analysis,2802,2019, books.google.com,,https://books.google.com/books?hl=en&lr=&id=9jDEDwAAQBAJ&oi=fnd&pg=PP12&dq=child+policy+internet+social+network&ots=HmY3OQdj0d&sig=n5qGmsc7d1fAVWOh6-LhtNQsdxo,560
62,Van Dijck,The culture of connectivity: A critical history of social media,5989,2013, books.google.com,,https://books.google.com/books?hl=en&lr=&id=t5RpAgAAQBAJ&oi=fnd&pg=PP1&dq=child+policy+internet+social+network&ots=pn4xYQttJI&sig=uK24M_7kjmwewrsqpkUJb6ihDBI,544
211, Sanborn,A cognitive psychology of mass communication,1059,2022, books.google.com,,https://books.google.com/books?hl=en&lr=&id=qJl8EAAAQBAJ&oi=fnd&pg=PT7&dq=child+policy+internet+social+network&ots=7u46gav0b2&sig=WwcFhdQbbNb5d7DDrPiNPGOMN6Q,530
22,"Evans, S Bratton, J McKee",Social media marketing,1540,2021, books.google.com,,https://books.google.com/books?hl=en&lr=&id=7lgkEAAAQBAJ&oi=fnd&pg=PT7&dq=child+policy+internet+social+network&ots=UX0sBm09eW&sig=PW4n2p3__asJjLrJonRnblhuzhA,513
120,"Dubey, P Biswas, R Ghosh, S Chatterjee…",Psychosocial impact of COVID-19,1964,2020, Elsevier, Diabetes & Metabolic …,https://www.sciencedirect.com/science/article/pii/S1871402120301545,491
24," Mangold, DJ Faulds",Social media: The new hybrid element of the promotion mix,7354,2009, Elsevier, Business horizons,https://www.sciencedirect.com/science/article/pii/S0007681309000329,490
207,McNair,An introduction to political communication,3379,2017, books.google.com,,https://books.google.com/books?hl=en&lr=&id=4kwrDwAAQBAJ&oi=fnd&pg=PP1&dq=child+policy+internet+social+network&ots=_howWKaS_K&sig=Ws71QIiF4OOc5R0mamW9zqDONII,483
155,"Jenkins, S Ford, J Green",Spreadable media,5097,2013, degruyter.com, Spreadable media,https://www.degruyter.com/document/doi/10.18574/nyu/9780814743515.001.0001/html,463
179,Sheth,Impact of Covid-19 on consumer behavior: Will the old habits return or die?,1795,2020, Elsevier, Journal of business research,https://www.sciencedirect.com/science/article/pii/S0148296320303647,449
173, Nardi,Doing survey research: A guide to quantitative methods,2527,2018, books.google.com,,https://books.google.com/books?hl=en&lr=&id=lFgPEAAAQBAJ&oi=fnd&pg=PP1&dq=child+policy+internet+social+network&ots=J5ohmoJcX3&sig=sLw-kyp79XUAGMbIjOHWKtWJWuw,421
171,"Curran, J Seaton","Power without responsibility: press, broadcasting and the internet in Britain",2490,2018, books.google.com,,https://books.google.com/books?hl=en&lr=&id=M9iLDwAAQBAJ&oi=fnd&pg=PP1&dq=child+policy+internet+social+network&ots=_ZibhIZD1f&sig=j_eRQdr3KQ3haQ2z3feH2JPF5xo,415
147," Christakis, JH Fowler",The spread of obesity in a large social network over 32 years,6807,2007, Mass Medical Soc, New England journal of medicine,https://www.nejm.org/doi/full/10.1056/NEJMsa066082,400
181," Marwick, D Boyd","I tweet honestly, I tweet passionately: Twitter users, context collapse, and the imagined audience",5150,2011, journals.sagepub.com, New media & society,https://journals.sagepub.com/doi/pdf/10.1177/1461444810365313,396
133,"Pennycook, J McPhetres, Y Zhang…",Fighting COVID-19 misinformation on social media: Experimental evidence for a scalable accuracy-nudge intervention,1568,2020, journals.sagepub.com, Psychological …,https://journals.sagepub.com/doi/pdf/10.1177/0956797620939054,392
223, Baym,Personal connections in the digital age,3504,2015, books.google.com,,https://books.google.com/books?hl=en&lr=&id=4_1RCgAAQBAJ&oi=fnd&pg=PT6&dq=child+policy+internet+social+network&ots=PUzV8vVYHu&sig=kHZ2lFgAWHVeWYeakw2tGDtdp6M,389
175," Hanneman, M Riddle",Introduction to social network methods,7329,2005, wiki.gonzaga.edu,,https://wiki.gonzaga.edu/dpls707/images/6/6e/Introduction_to_Social_Network_Methods.pdf,386
190,Tapscott,Grown up digital,6061,2008, studynotesunisa.co.za,,https://studynotesunisa.co.za/wp-content/uploads/2018/12/grown-up-digital-tapscott-e.pdf,379
122,"Singh, D Roy, K Sinha, S Parveen, G Sharma…",Impact of COVID-19 and lockdown on mental health of children and adolescents: A narrative review with recommendations,1491,2020, Elsevier, Psychiatry …,https://www.sciencedirect.com/science/article/pii/S016517812031725X,373
50," Dwivedi, E Ismagilova, DL Hughes…",Setting the future of digital and social media marketing research: Perspectives and research propositions,1085,2021, Elsevier, International Journal of …,https://www.sciencedirect.com/science/article/pii/S0268401220308082,362
73, Sunstein,# Republic: Divided democracy in the age of social media,2145,2018, books.google.com,,https://books.google.com/books?hl=en&lr=&id=nVBLDwAAQBAJ&oi=fnd&pg=PR9&dq=child+policy+internet+social+network&ots=d5DVY7YaCt&sig=ts432Wm_TEd7gyO9RIf3N3I-5jo,358
49,"Appel, L Grewal, R Hadi, AT Stephen",The future of social media in marketing,1405,2020, Springer, Journal of the Academy of …,https://link.springer.com/article/10.1007/s11747-019-00695-1?error=cookies_not_support,351
199,Morozov,Could not catch title,4035,2012, PublicAffairs,,"Look manually at: https://scholar.google.com/scholar?start=190&q=child+policy+internet+social+network&hl=en&as_sdt=0,5&as_ylo=2003",336
198,Boyd,It's complicated: The social lives of networked teens,3307,2014, journals.openedition.org,,https://journals.openedition.org/lectures/17628,331
81,"Lou, S Yuan",Influencer marketing: How message value and credibility affect consumer trust of branded content on social media,1637,2019, Taylor & Francis, Journal of interactive advertising,https://www.tandfonline.com/doi/abs/10.1080/15252019.2018.1533501,327
130," Hollebeek, MS Glynn…","Consumer brand engagement in social media: Conceptualization, scale development and validation",3154,2014, journals.sagepub.com, Journal of interactive …,https://journals.sagepub.com/doi/pdf/10.1016/j.intmar.2013.12.002,315
222,"Mertens, L Gerritsen, S Duijndam, E Salemink…",Fear of the coronavirus (COVID-19): Predictors in an online study conducted in March 2020,1244,2020, Elsevier, Journal of anxiety …,https://www.sciencedirect.com/science/article/pii/S0887618520300724,311
2,Gillespie,"Custodians of the Internet: Platforms, content moderation, and the hidden decisions that shape social media",1854,2018, books.google.com,,https://books.google.com/books?hl=en&lr=&id=cOJgDwAAQBAJ&oi=fnd&pg=PA1&dq=child+policy+internet+social+network&ots=PhTKGXPOi7&sig=bfj0IyTayzxGt_cOVDQwfXsvxXk,309
158,"Mo, L Deng, L Zhang, Q Lang, C Liao…",Work stress among Chinese nurses to support Wuhan in fighting against COVID‐19 epidemic,1117,2020, Wiley Online Library, Journal of nursing …,https://onlinelibrary.wiley.com/doi/abs/10.1111/jonm.13014,279
237, Twenge,"iGen: Why today's super-connected kids are growing up less rebellious, more tolerant, less happy--and completely unprepared for adulthood--and what that …",1928,2017, books.google.com,,https://books.google.com/books?hl=en&lr=&id=HiKaDQAAQBAJ&oi=fnd&pg=PT2&dq=child+policy+internet+social+network&ots=aQ-VjZdPVV&sig=zJpla9-n0ofVNrmAnJovQS2wlM4,275
139,Wallace,The psychology of the Internet,2408,2015, books.google.com,,https://books.google.com/books?hl=en&lr=&id=foLkCgAAQBAJ&oi=fnd&pg=PR11&dq=child+policy+internet+social+network&ots=uydwXM-6F6&sig=1_wPOKoWE3NIr3i0XBgMNffKJC8,268
72," Tuten, MR Solomon",Social media marketing,1740,2017, books.google.com,,https://books.google.com/books?hl=en&lr=&id=XQg_DwAAQBAJ&oi=fnd&pg=PT15&dq=child+policy+internet+social+network&ots=tQg1CTZnpJ&sig=JUR7SGKHjYI0QMLJ7of8zWo7QEQ,249
23,"Keles, N McCrae, A Grealish","A systematic review: the influence of social media on depression, anxiety and psychological distress in adolescents",986,2020, Taylor & Francis, International Journal of …,https://www.tandfonline.com/doi/abs/10.1080/02673843.2019.1590851,246
224," Kozinets, K De Valck, AC Wojnicki…",Networked narratives: Understanding word-of-mouth marketing in online communities,3431,2010, journals.sagepub.com, Journal of …,https://journals.sagepub.com/doi/pdf/10.1509/jm.74.2.71,245
203,"Cluver, JM Lachman, L Sherr, I Wessels, E Krug…",Parenting in a time of COVID-19,972,2020, eprints.gla.ac.uk, Lancet,https://eprints.gla.ac.uk/213919/7/213919.pdf,243
82," Pempek, YA Yermolayeva, SL Calvert",College students' social networking experiences on Facebook,3650,2009, Elsevier, Journal of applied …,https://www.sciencedirect.com/science/article/pii/S0193397308001408,243
97," Lewis, TG Lewis",Booms,2408,2014, Springer, Book of Extremes: Why the 21st Century Isn't Like …,https://link.springer.com/chapter/10.1007/978-3-319-06926-5_4,241
13,Shirky,"The political power of social media: Technology, the public sphere, and political change",3055,2011, JSTOR, Foreign affairs,https://www.jstor.org/stable/25800379,235
12,"King, J Pan, ME Roberts",How censorship in China allows government criticism but silences collective expression,2558,2013, cambridge.org, American political science Review,https://www.cambridge.org/core/journals/american-political-science-review/article/how-censorship-in-china-allows-government-criticism-but-silences-collective-expression/C7EF4A9C9D59425C2D09D83742C1FE00,233
106,Gerbaudo,Tweets and the streets: Social media and contemporary activism,2758,2012, library.oapen.org,,https://library.oapen.org/handle/20.500.12657/30772,230
105,"Gikas, MM Grant","Mobile computing devices in higher education: Student perspectives on learning with cellphones, smartphones & social media",2514,2013, Elsevier, The Internet and Higher Education,https://www.sciencedirect.com/science/article/pii/S1096751613000262,229
1," O'Keeffe, K Clark","The impact of social media on children, adolescents, and families",2945,2011, publications.aap.org, Pediatrics,https://publications.aap.org/ExternalLoginResponse.ashx?elpId=3&redirecturlback=http://publications.aap.org/pediatrics/article/127/4/800/65133/The-Impact-of-Social-Media-on-Children-Adolescents?autologincheck=redirected&nfToken=00000000-0000-0000-0000-000000000000,227
178," Sawyer, RA Afifi, LH Bearinger, SJ Blakemore…",Adolescence: a foundation for future health,2703,2012, thelancet.com, The lancet,https://www.thelancet.com/journals/lancet/article/PIIS0140-6736(12)60072-5/fulltext?_eventId%3Dlogin,225
21," Bertot, PT Jaeger, JM Grimes",Using ICTs to create a culture of transparency: E-government and social media as openness and anti-corruption tools for societies,3108,2010, Elsevier, Government information quarterly,https://www.sciencedirect.com/science/article/pii/S0740624X10000201,222
96,Safko,"The social media bible: tactics, tools, and strategies for business success",3100,2010, books.google.com,,https://books.google.com/books?hl=en&lr=&id=2c0Yrp1X-o8C&oi=fnd&pg=PR5&dq=child+policy+internet+social+network&ots=VfyyXb7Nw6&sig=d5D2MCpYbGeq_C2G0h3bH7wVsp4,221
40," Moorhead, DE Hazlett, L Harrison, JK Carroll…","A new dimension of health care: systematic review of the uses, benefits, and limitations of social media for health communication",2411,2013, jmir.org, … of medical Internet …,https://www.jmir.org/2013/4/e85/jmir_v15i4e85_app3.pdf,219
63,"Wang, M McKee, A Torbica, D Stuckler",Systematic literature review on the spread of health-related misinformation on social media,1086,2019, Elsevier, Social science & medicine,https://www.sciencedirect.com/science/article/pii/S0277953619305465,217
143,Van Dijck,"Datafication, dataism and dataveillance: Big Data between scientific paradigm and ideology",2174,2014, ojs.library.queensu.ca, Surveillance & society,https://ojs.library.queensu.ca/index.php/surveillance-and-society/article/view/4776,217
58,"Whiting, D Williams",Why people use social media: a uses and gratifications approach,2352,2013, emerald.com, Qualitative market research: an international …,https://www.emerald.com/insight/content/doi/10.1108/qmr-06-2013-0041/full/html,214
66,"Ashley, T Tuten",Creative strategies in social media marketing: An exploratory study of branded social content and consumer engagement,1905,2015, Wiley Online Library, Psychology & marketing,https://onlinelibrary.wiley.com/doi/abs/10.1002/mar.20761,212
37," Kuss, MD Griffiths",Online social networking and addiction—a review of the psychological literature,2656,2011, mdpi.com, … journal of environmental research and public …,https://www.mdpi.com/1660-4601/8/9/3528/htm?hc_location=uf,204
132,Freeman,The development of social network analysis,4089,2004, researchgate.net, A Study in the Sociology of Science,https://www.researchgate.net/profile/Linton-Freeman-2/publication/239228599_The_Development_of_Social_Network_Analysis/links/54415c650cf2e6f0c0f616a8/The-Development-of-Social-Network-Analysis.pdf,204
141," Kowalski, SP Limber, PW Agatston",Cyberbullying: Bullying in the digital age,2426,2012, books.google.com,,https://books.google.com/books?hl=en&lr=&id=26u_2BbA_74C&oi=fnd&pg=PR8&dq=child+policy+internet+social+network&ots=rfOgDNBtlx&sig=NKkCxkxukmZxXShXbxTptlA7Y7k,202
30,Boyd,Why youth (heart) social network sites: The role of networked publics in teenage social life,3237,2008, papers.ssrn.com, YOUTH  IDENTITY  AND DIGITAL MEDIA  David …,https://papers.ssrn.com/sol3/papers.cfm?abstract_id=1518924,202
33,Ito,"Hanging out, messing around, and geeking out: Kids living and learning with new media",2197,2013, library.oapen.org,,https://library.oapen.org/handle/20.500.12657/26060,200
206,"Junco, G Heiberger, E Loken",The effect of Twitter on college student engagement and grades,2520,2011, Wiley Online Library, Journal of computer assisted …,https://onlinelibrary.wiley.com/doi/abs/10.1111/j.1365-2729.2010.00387.x,194
16," Bolton, A Parasuraman, A Hoefnagels…",Understanding Generation Y and their use of social media: a review and research agenda,2127,2013, emerald.com, Journal of service …,https://www.emerald.com/insight/content/doi/10.1108/09564231311326987/fu,193
44,"Steinfield, NB Ellison, C Lampe","Social capital, self-esteem, and use of online social network sites: A longitudinal analysis",3037,2008, Elsevier, Journal of applied developmental …,https://www.sciencedirect.com/science/article/pii/S0193397308000701,190
42,Livingstone,"Taking risky opportunities in youthful content creation: teenagers' use of social networking sites for intimacy, privacy and self-expression",3000,2008, journals.sagepub.com, New media & society,https://journals.sagepub.com/doi/abs/10.1177/1461444808089415,188
177,Kadushin,"Understanding social networks: Theories, concepts, and findings",2196,2012, books.google.com,,https://books.google.com/books?hl=en&lr=&id=f_dQEAAAQBAJ&oi=fnd&pg=PP1&dq=child+policy+internet+social+network&ots=I5kCoKpWXs&sig=74lD2J3utvGufhHG9zp3ixgmqPM,183
229," Marwick, R Lewis",Media manipulation and disinformation online,1279,2017, apo.org.au,,https://apo.org.au/sites/default/files/resource-files/2017-05/apo-nid135936.pdf,183
166," Fowler, NA Christakis",Dynamic spread of happiness in a large social network: longitudinal analysis over 20 years in the Framingham Heart Study,2834,2008, bmj.com, Bmj,https://www.bmj.com/content/337/bmj.a2338.long,177
46," Woods, H Scott","# Sleepyteens: Social media use in adolescence is associated with poor sleep quality, anxiety, depression and low self-esteem",1405,2016, Elsevier, Journal of adolescence,https://www.sciencedirect.com/science/article/pii/S0140197116300343,176
101,"Tufekci, C Wilson",Social media and the decision to participate in political protest: Observations from Tahrir Square,2110,2012, academic.oup.com, Journal of communication,https://academic.oup.com/joc/article-abstract/62/2/363/4085823,176
225,Fox,"The social life of health information, 2011",2230,2011, search.issuelab.org,,https://search.issuelab.org/resources/12475/12475.pdf,172
152," Christakis, JH Fowler",The collective dynamics of smoking in a large social network,2738,2008, Mass Medical Soc, New England journal of medicine,https://www.nejm.org/doi/full/10.1056/nejmsa0706154,171
47," Berthon, LF Pitt, K Plangger, D Shapiro","Marketing meets Web 2.0, social media, and creative consumers: Implications for international marketing strategy",2045,2012, Elsevier, Business horizons,https://www.sciencedirect.com/science/article/pii/S0007681312000080,170
153, Joinson,"Looking at, looking up or keeping up with people? Motives and use of Facebook",2710,2008, dl.acm.org, Proceedings of the SIGCHI conference on Human …,https://dl.acm.org/doi/abs/10.1145/1357054.1357213,169
94,"Park, KF Kee, S Valenzuela","Being immersed in social networking environment: Facebook groups, uses and gratifications, and social outcomes",2513,2009, liebertpub.com, Cyberpsychology & behavior,https://www.liebertpub.com/doi/abs/10.1089/cpb.2009.0003,168
74, Marwick,"Status update: Celebrity, publicity, and branding in the social media age",1846,2013, books.google.com,,https://books.google.com/books?hl=en&lr=&id=xcrYAQAAQBAJ&oi=fnd&pg=PA1&dq=child+policy+internet+social+network&ots=G0q1YZ4ZZO&sig=sbpnegWaV3ux1HH56b056MmtacA,168
110,"Ellison, DM Boyd",Sociality through social network sites,1835,2013, academic.oup.com,,https://academic.oup.com/edited-volume/34364/chapter/328422615,167
79,Qualman,Socialnomics: How social media transforms the way we live and do business,2008,2012, books.google.com,,https://books.google.com/books?hl=en&lr=&id=p2A96JKRlY4C&oi=fnd&pg=PR9&dq=child+policy+internet+social+network&ots=35fxaFihCg&sig=XQLi6T_Shx_-2GRqkgh5XqxVRqE,167
93," Muntinga, M Moorman, EG Smit",Introducing COBRAs: Exploring motivations for brand-related social media use,2096,2011, Taylor & Francis, International Journal of …,https://www.tandfonline.com/doi/abs/10.2501/IJA-30-1-013-046,161
92,"Bonilla, J Rosa","# Ferguson: Digital protest, hashtag ethnography, and the racial politics of social media in the United States",1444,2015, Wiley Online Library, American ethnologist,https://anthrosource.onlinelibrary.wiley.com/doi/abs/10.1111/amet.12112,160
57," Kuss, MD Griffiths",Social networking sites and addiction: Ten lessons learned,1110,2017, mdpi.com, … journal of environmental research and public …,https://www.mdpi.com/1660-4601/14/3/311,159
159," Goh, CS Heng, Z Lin",Social media brand community and consumer behavior: Quantifying the relative impact of user-and marketer-generated content,1706,2013, pubsonline.informs.org, Information systems research,https://pubsonline.informs.org/doi/abs/10.1287/isre.1120.0469,155
154,Rogers,Digital methods,1693,2013, books.google.com,,https://books.google.com/books?hl=en&lr=&id=mLtEAgAAQBAJ&oi=fnd&pg=PP6&dq=child+policy+internet+social+network&ots=x1htbyjRIr&sig=kegO9t7MPIyEaL04oE0T2OBOb80,154
233," Kowalski, SP Limber",Electronic bullying among middle school students,2607,2007, Elsevier, Journal of adolescent health,https://www.sciencedirect.com/science/article/pii/S1054139X07003618,153
4,"Miller, J Sinanan, X Wang, T McDonald, N Haynes…",How the world changed social media,1207,2016, library.oapen.org,,https://library.oapen.org/handle/20.500.12657/32834,151
83,"Hansen, B Shneiderman, MA Smith",Analyzing social media networks with NodeXL: Insights from a connected world,2112,2010, books.google.com,,https://books.google.com/books?hl=en&lr=&id=rbxPm93PRY8C&oi=fnd&pg=PP1&dq=child+policy+internet+social+network&ots=MzlDb8UnG5&sig=ANXhTUlk9RkYVOIbkykOuqQQ1aI,151
39," Kaplan, M Haenlein","Higher education and the digital revolution: About MOOCs, SPOCs, social media, and the Cookie Monster",1210,2016, Elsevier, Business horizons,https://www.sciencedirect.com/science/article/pii/S000768131630009X,151
17,"King, J Pan, ME Roberts","How the Chinese government fabricates social media posts for strategic distraction, not engaged argument",1035,2017, cambridge.org, American political science review,https://www.cambridge.org/core/journals/american-political-science-review/article/how-the-chinese-government-fabricates-social-media-posts-for-strategic-distraction-not-engaged-argument/4662DB26E2685BAF1485F14369BD137C,148
128,Mehdizadeh,Self-presentation 2.0: Narcissism and self-esteem on Facebook,2049,2010, liebertpub.com, Cyberpsychology  behavior  and social networking,https://www.liebertpub.com/doi/abs/10.1089/cyber.2009.0257,146
112,"Holland, M Tiggemann",A systematic review of the impact of the use of social networking sites on body image and disordered eating outcomes,1160,2016, Elsevier, Body image,https://www.sciencedirect.com/science/article/pii/S1740144516300912,145
5," Obar, SS Wildman",Social media definition and the governance challenge-an introduction to the special issue,1289,2015, papers.ssrn.com, …   JA and Wildman  S.(2015). Social media …,https://papers.ssrn.com/sol3/papers.cfm?abstract_id=2663153,143
64," Lin, JE Sidani, A Shensa, A Radovic…",Association between social media use and depression among US young adults,1115,2016, Wiley Online Library, Depression and …,https://onlinelibrary.wiley.com/doi/abs/10.1002/da.22466,139
87," Munar, JKS Jacobsen",Motivations for sharing tourism experiences through social media,1390,2014, Elsevier, Tourism management,https://www.sciencedirect.com/science/article/pii/S0261517714000132,139
19," Reid Chassiakos, J Radesky, D Christakis…",Children and adolescents and digital media,1105,2016, publications.aap.org, …,https://publications.aap.org/pediatrics/article-abstract/138/5/e20162593/60349,138
188,"Madianou, D Miller",Migration and new media: Transnational families and polymedia,1508,2013, books.google.com,,https://books.google.com/books?hl=en&lr=&id=6V3FBQAAQBAJ&oi=fnd&pg=PT5&dq=child+policy+internet+social+network&ots=1vI-v3T5Pv&sig=0Ewzh5frB-HOkryAARjt6u6D7y0,137
214," Helsper, R Eynon",Digital natives: where is the evidence?,1919,2010, Wiley Online Library, British educational research journal,https://bera-journals.onlinelibrary.wiley.com/doi/abs/10.1080/01411920902989227,137
25,Linders,From e-government to we-government: Defining a typology for citizen coproduction in the age of social media,1637,2012, Elsevier, Government information quarterly,https://www.sciencedirect.com/science/article/pii/S0740624X12000883,136
164,"G Chou, N Edge",“They are happier and having better lives than I am”: The impact of using Facebook on perceptions of others' lives,1573,2012, liebertpub.com, …   behavior  and social networking,https://www.liebertpub.com/doi/abs/10.1089/cyber.2011.0324,131
137,"Pittman, B Reich",Social media and loneliness: Why an Instagram picture may be worth more than a thousand Twitter words,1045,2016, Elsevier, Computers in Human Behavior,https://www.sciencedirect.com/science/article/pii/S0747563216302552,131
98," Hughes, M Rowe, M Batey, A Lee",A tale of two sites: Twitter vs. Facebook and the personality predictors of social media usage,1557,2012, Elsevier, Computers in human behavior,https://www.sciencedirect.com/science/article/pii/S0747563211002457,130
168,"Greenhow, B Robelia…","Learning, Teaching, and Scholarship in a Digital Age: Web 2.0 and Classroom Research: What Path Should We Take Now?",1926,2009, journals.sagepub.com, Educational researcher,https://journals.sagepub.com/doi/pdf/10.3102/0013189X09336671,128
169,Phillips,This is why we can't have nice things: Mapping the relationship between online trolling and mainstream culture,1146,2015, books.google.com,,https://books.google.com/books?hl=en&lr=&id=pjYhBwAAQBAJ&oi=fnd&pg=PR7&dq=child+policy+internet+social+network&ots=TGR1dLUpdv&sig=85aytF-ORFUNfYyo9Tqh-Yf58Ao,127
121," Vogel, JP Rose, LR Roberts…","Social comparison, social media, and self-esteem.",1270,2014, psycnet.apa.org, … of popular media culture,https://psycnet.apa.org/buy/2014-33471-001.,127
27," Hoffman, M Fodor",Can you measure the ROI of your social media marketing?,1759,2010, sloanreview.mit.edu, MIT Sloan management review,https://sloanreview.mit.edu/x/52105,126
157,Prell,"Social network analysis: History, theory and methodology",1632,2011, torrossa.com, Social Network Analysis,https://www.torrossa.com/gs/resourceProxy?an=4913142&publisher=FZ7200,126
107," Waters, E Burnett, A Lamm, J Lucas",Engaging stakeholders through social networking: How nonprofit organizations are using Facebook,1887,2009, Elsevier, Public relations review,https://www.sciencedirect.com/science/article/pii/S0363811109000046,126
80,"Subrahmanyam, SM Reich, N Waechter…",Online and offline social networks: Use of social networking sites by emerging adults,2017,2008, Elsevier, Journal of applied …,https://www.sciencedirect.com/science/article/pii/S0193397308000713,126
60,Hargittai,Whose space? Differences among users and non-users of social network sites,2131,2007, academic.oup.com,mediated communication,https://academic.oup.com/jcmc/article-abstract/13/1/276/4583068,125
14,"Lovejoy, GD Saxton","Information, community, and action: How nonprofit organizations use social media",1489,2012, academic.oup.com,mediated …,https://academic.oup.com/jcmc/article-abstract/17/3/337/4067685,124
7,"Best, R Manktelow, B Taylor","Online communication, social media and adolescent wellbeing: A systematic narrative review",1222,2014, Elsevier, Children and Youth Services Review,https://www.sciencedirect.com/science/article/pii/S0190740914000693,122
11, Andreassen,Online social network site addiction: A comprehensive review,1092,2015, Springer, Current Addiction Reports,https://link.springer.com/article/10.1007/s40429-015-0056-9?source=post_page,121
90,"Wang, C Yu, Y Wei",Social media peer communication and impacts on purchase intentions: A consumer socialization framework,1455,2012, journals.sagepub.com, Journal of interactive marketing,https://journals.sagepub.com/doi/pdf/10.1016/j.intmar.2011.11.004,121
99," Kane, M Alavi, G Labianca, SP Borgatti",What's different about social media networks? A framework and research agenda,1195,2014, JSTOR, MIS quarterly,https://www.jstor.org/stable/26554878,120
221," Christakis, JH Fowler",Social contagion theory: examining dynamic social networks and human behavior,1311,2013, Wiley Online Library, Statistics in medicine,https://onlinelibrary.wiley.com/doi/abs/10.1002/sim.5408,119
151," Gonzales, JT Hancock","Mirror, mirror on my Facebook wall: Effects of exposure to Facebook on self-esteem",1546,2011, liebertpub.com, …   behavior  and social networking,https://www.liebertpub.com/doi/abs/10.1089/cyber.2009.0411,119
246,Scholz,Digital labor: The internet as playground and factory,1422,2012, books.google.com,,https://books.google.com/books?hl=en&lr=&id=-6ec1yPK_KAC&oi=fnd&pg=PP2&dq=child+policy+internet+social+network&ots=e4ftcLxysK&sig=euZgPkjiMhJOWD-roG5yMYTEFog,118
68,Zarrella,The social media marketing book,1755,2009, books.google.com,,https://books.google.com/books?hl=en&lr=&id=chd3yfExXMEC&oi=fnd&pg=PR4&dq=child+policy+internet+social+network&ots=u8P6t-y4U-&sig=d9fGJSxBWvF5rpbQ9jbXJoV-N_8,117
109,Turner,Generation Z: Technology and social interest,1050,2015, muse.jhu.edu, The journal of individual Psychology,https://muse.jhu.edu/pub/15/article/586631/summary,117
231,Fung,Putting the public back into governance: The challenges of citizen participation and its future,1056,2015, Wiley Online Library, Public administration review,https://onlinelibrary.wiley.com/doi/abs/10.1111/puar.12361,117
6, Barnes,A privacy paradox: Social networking in the United States,2086,2006, firstmonday.org, first monday,http://firstmonday.org/ojs/index.php/fm/article/view/1394,116
247,Rideout,The common sense census: Media use by tweens and teens,1041,2015, apo.org.au,,https://apo.org.au/node/58360,116
182,Van Dijck,'You have one identity': Performing the self on Facebook and LinkedIn,1258,2013, journals.sagepub.com, Media  culture & society,https://journals.sagepub.com/doi/pdf/10.1177/0163443712468605,114
29,"Duggan, J Brenner","The demographics of social media users, 2012",1249,2013, lernspielwiese.com,,https://www.lernspielwiese.com/_/media/Files/Reports/2013/PIP_SocialMediaUsers.pdf,114
193,"Chen, P De, Y Hu, BH Hwang",Wisdom of crowds: The value of stock opinions transmitted through social media,1107,2014, academic.oup.com, The review of financial studies,https://academic.oup.com/rfs/article-abstract/27/5/1367/1581938,111
136,"Wrzus, M Hänel, J Wagner, FJ Neyer",Social network changes and life events across the life span: a meta-analysis.,1205,2013, psycnet.apa.org, Psychological bulletin,https://psycnet.apa.org/journals/bul/139/1/53/,110
240,"Robinson, SR Cotten, H Ono…",Digital inequalities and why they matter,983,2015, Taylor & Francis, Information …,https://www.tandfonline.com/doi/abs/10.1080/1369118X.2015.1012532,109
170,"Piotrowicz, R Cuthbertson",Introduction to the special issue information technology in retail: Toward omnichannel retailing,1077,2014, Taylor & Francis, International Journal of Electronic …,https://www.tandfonline.com/doi/abs/10.2753/JEC1086-4415180400,108
41," Marwick, D Boyd",Networked privacy: How teenagers negotiate context in social media,1046,2014, journals.sagepub.com, New media & society,https://journals.sagepub.com/doi/pdf/10.1177/1461444814543995,105
201,"Livingstone, E Helsper","Gradations in digital inclusion: Children, young people and the digital divide",1760,2007, journals.sagepub.com, New media & society,https://journals.sagepub.com/doi/pdf/10.1177/1461444807080335,104
126,"Yaqub, S Castl",Attitudes to vaccination: a critical review,1044,2014, Elsevier, Social science & …,https://www.sciencedirect.com/science/article/pii/S0277953614002421,104
18,"Madden, A Lenhart, S Cortesi…","Teens, social media, and privacy",1140,2013, assets.pewresearch.org, Pew Research …,http://assets.pewresearch.org/wp-content/uploads/sites/14/2013/05/PIP_TeensSocialMediaandPrivacy_PDF.pdf,104
119,"Yates, S Paquette",Emergency knowledge management and social media technologies: A case study of the 2010 Haitian earthquake,1339,2011, Elsevier, International journal of information management,https://www.sciencedirect.com/science/article/pii/S0268401210001453,103
86," Hampton, LS Goulet, L Rainie, K Purcell",Social networking sites and our lives,1339,2011, academia.edu,,https://www.academia.edu/download/30472786/Social_networking_sites_and_our_lives_2011.pdf,103
180,"Lee, JA Lee, JH Moon, Y Sung",Pictures speak louder than words: Motivations for using Instagram,915,2015, liebertpub.com, …   behavior  and social networking,https://www.liebertpub.com/doi/abs/10.1089/cyber.2015.0157,102
249,Selwyn,Faceworking: exploring students' education‐related use of Facebook,1511,2009, Taylor & Francis, Learning  media and technology,https://www.tandfonline.com/doi/abs/10.1080/17439880902923622,101
3,uncil on Communications and Media…,"Children, adolescents, and the media",1109,2013, publications.aap.org, …,https://publications.aap.org/pediatrics/article-abstract/132/5/958/31699,101
215," Valkenburg, J Peter","Online communication among adolescents: An integrated model of its attraction, opportunities, and risks",1304,2011, Elsevier, Journal of adolescent health,https://www.sciencedirect.com/science/article/pii/S1054139X1000426X,100
111,"Marin, B Wellman",Social network analysis: An introduction,1297,2011, books.google.com, The SAGE handbook of social network …,https://books.google.com/books?hl=en&lr=&id=mWlsKkIuFNgC&oi=fnd&pg=PA11&dq=child+policy+internet+social+network&ots=tRgF5Ye0Zp&sig=JIZjvnOPhHaKYdN9042lpLjElzc,100
185,"Fournier, J Avery",The uninvited brand,1304,2011, Elsevier, Business horizons,https://www.sciencedirect.com/science/article/pii/S0007681311000024,100
248,"Kim, JER Lee",The Facebook paths to happiness: Effects of the number of Facebook friends and self-presentation on subjective well-being,1295,2011, liebertpub.com, CyberPsychology  behavior  and social networking,https://www.liebertpub.com/doi/abs/10.1089/cyber.2010.0374,100
8," Bertot, PT Jaeger, D Hansen","The impact of polices on government social media usage: Issues, challenges, and recommendations",1175,2012, Elsevier, Government information quarterly,https://www.sciencedirect.com/science/article/pii/S0740624X11000992,98
125,"Imran, C Castillo, F Diaz, S Vieweg",Processing social media messages in mass emergency: A survey,885,2015, dl.acm.org, ACM Computing Surveys (CSUR …,https://dl.acm.org/doi/abs/10.1145/2771588,98
77,"Korda, Z Itani",Harnessing social media for health promotion and behavior change,1066,2013, journals.sagepub.com, Health promotion practice,https://journals.sagepub.com/doi/pdf/10.1177/1524839911405850,97
51,"Rennie, T Morrison",E-learning and social networking handbook: Resources for higher education,1065,2013, books.google.com,,https://books.google.com/books?hl=en&lr=&id=m6LbCgAAQBAJ&oi=fnd&pg=PP1&dq=child+policy+internet+social+network&ots=kE1rjph4gI&sig=DKCwTkACd6s5zqB2XfKbNQfd8LU,97
91,"Fox, JJ Moreland",The dark side of social networking sites: An exploration of the relational and psychological stressors associated with Facebook use and affordances,870,2015, Elsevier, Computers in human behavior,https://www.sciencedirect.com/science/article/pii/S0747563214007018,97
69,Van Noorden,Online collaboration: Scientists and the social network,957,2014, nature.com, Nature news,https://www.nature.com/articles/512126a,96
65,Klausen,Tweeting the Jihad: Social Media Networks of Western Foreign Fighters in Syria and Iraq,845,2015, Taylor & Francis, Studies in Conflict & Terrorism,https://www.tandfonline.com/doi/abs/10.1080/1057610x.2014.974948,94
241,"Ito, HA Horst, M Bittanti, B Herr Stephenson…",Living and learning with new media: Summary of findings from the digital youth project,1410,2009, library.oapen.org,,https://library.oapen.org/handle/20.500.12657/26078,94
118,"Fischer, AR Reuber",Social interaction via new social media:(How) can interactions on Twitter affect effectual thinking and behavior?,1189,2011, Elsevier, Journal of business venturing,https://www.sciencedirect.com/science/article/pii/S0883902610000856,91
36,"Majchrzak, S Faraj, GC Kane…",The contradictory influence of social media affordances on online communal knowledge sharing,1006,2013, academic.oup.com, Journal of Computer …,https://academic.oup.com/jcmc/article-abstract/19/1/38/4067499,91
32,Tufekci,Can you see me now? Audience and disclosure regulation in online social network sites,1455,2008, journals.sagepub.com, Bulletin of Science  Technology & Society,https://journals.sagepub.com/doi/pdf/10.1177/0270467607311484,91
61," Oh, E Ozkaya, R LaRose","How does online social networking enhance life satisfaction? The relationships among online supportive interaction, affect, perceived social support, sense of …",903,2014, Elsevier, Computers in Human Behavior,https://www.sciencedirect.com/science/article/pii/S0747563213002926,90
202,"Livingstone, EJ Helsper",Parental mediation of children's internet use,1432,2008, Taylor & Francis, … of broadcasting & electronic media,https://www.tandfonline.com/doi/abs/10.1080/08838150802437396,90
108,"Kwon, Y Wen",An empirical study of the factors affecting social network service use,1232,2010, Elsevier, Computers in human behavior,https://www.sciencedirect.com/science/article/pii/S0747563209000673,88
76,Zappavigna,Discourse of Twitter and social media: How we use language to create affiliation on the web,1052,2012, books.google.com,,https://books.google.com/books?hl=en&lr=&id=gQBHAQAAQBAJ&oi=fnd&pg=PP1&dq=child+policy+internet+social+network&ots=bJEb2sLGgU&sig=qwTnascrW_gfE90itNxtalw6SsU,88
187," Shalizi, AC Thomas",Homophily and contagion are generically confounded in observational social network studies,1141,2011, journals.sagepub.com, Sociological methods & research,https://journals.sagepub.com/doi/pdf/10.1177/0049124111404820,88
226,Jan,A survey of emerging threats in cybersecurity,866,2014, Elsevier, Journal of Computer and System Sciences,https://www.sciencedirect.com/science/article/pii/S0022000014000178,87
239,Miller,Tales from facebook,1136,2011, books.google.com,,https://books.google.com/books?hl=en&lr=&id=kkZFZjLpAVwC&oi=fnd&pg=PR1&dq=child+policy+internet+social+network&ots=2EhRU5IWGL&sig=1egpXeRq72FRfx3pelYGc_uoiM8,87
115,Weber,Marketing to the social web: How digital customer communities build your business,1293,2009, books.google.com,,https://books.google.com/books?hl=en&lr=&id=iMOSDwAAQBAJ&oi=fnd&pg=PR9&dq=child+policy+internet+social+network&ots=n96k02EUus&sig=Axv4d_OYGq6M0trxrpTM8l58zFc,86
245,Crystal,Internet linguistics: A student guide,1115,2011, books.google.com,,https://books.google.com/books?hl=en&lr=&id=mvqrAgAAQBAJ&oi=fnd&pg=PP1&dq=child+policy+internet+social+network&ots=Y4-MyPAcxE&sig=tqhSTsJeVgpi09H18p4s7yAopx4,86
100,"Lewis, J Kaufman, M Gonzalez, A Wimmer…","Tastes, ties, and time: A new social network dataset using Facebook. com",1361,2008, Elsevier, Social networks,https://www.sciencedirect.com/science/article/pii/S0378873308000385,85
127,Barker,"Older adolescents' motivations for social network site use: The influence of gender, group identity, and collective self-esteem",1281,2009, liebertpub.com, Cyberpsychology & behavior,https://www.liebertpub.com/doi/abs/10.1089/cpb.2008.0228,85
212, Willard,"Cyberbullying and cyberthreats: Responding to the challenge of online social aggression, threats, and distress",1437,2007, books.google.com,,https://books.google.com/books?hl=en&lr=&id=VyTdG2BTnl4C&oi=fnd&pg=PR5&dq=child+policy+internet+social+network&ots=u7Jl0Jok8v&sig=ossPgrFlBxSXldIVjSynfj1euJM,85
138,D,An empirical study comparing gamification and social networking on e-learning,837,2014, Elsevier, Computers & …,https://www.sciencedirect.com/science/article/pii/S036013151400030X,84
140,Zimmer,“But the data is already public”: on the ethics of research in Facebook,1179,2010, Springer, Ethics and information technology,https://link.springer.com/article/10.1007/s10676-010-9227-5,84
217,"Wang, HL Woo, CL Quek, Y Yang…",Using the Facebook group as a learning management system: An exploratory study,994,2012, Wiley Online Library, British journal of …,https://bera-journals.onlinelibrary.wiley.com/doi/abs/10.1111/j.1467-8535.2011.01195.x,83
197, Ottman,"The new rules of green marketing: Strategies, tools, and inspiration for sustainable branding",1062,2011, books.google.com,,https://books.google.com/books?hl=en&lr=&id=uIDO3Gr-4usC&oi=fnd&pg=PT9&dq=child+policy+internet+social+network&ots=0wZYzCG0yB&sig=hVaNT6wwF1rcxr7rErpjDziZqF4,82
123, Lange,Publicly private and privately public: Social networking on YouTube,1402,2007, academic.oup.com,mediated communication,https://academic.oup.com/jcmc/article-abstract/13/1/361/4583074,82
35,Livingstone,Children and the Internet,1232,2009, books.google.com,,https://books.google.com/books?hl=en&lr=&id=wVajiOGFrXAC&oi=fnd&pg=PR5&dq=child+policy+internet+social+network&ots=ys75pmx6__&sig=Cm4YIAph-0mMuHCMWb1wBvRLyrs,82
114," Enli, E Skogerbø",Personalized campaigns in party-centred politics: Twitter and Facebook as arenas for political communication,896,2013, Taylor & Francis, Information  communication & society,https://www.tandfonline.com/doi/abs/10.1080/1369118X.2013.782330,81
70,"Subrahmanyam, P Greenfield",Online communication and adolescent relationships,1293,2008, JSTOR, The future of children,https://www.jstor.org/stable/20053122,81
52,Valenzuela,"Unpacking the use of social media for protest behavior: The roles of information, opinion expression, and activism",889,2013, journals.sagepub.com, American behavioral scientist,https://journals.sagepub.com/doi/pdf/10.1177/0002764213479375,81
142," Jacobsen, R Forste",The wired generation: Academic and social outcomes of electronic media use among university students,1037,2011, liebertpub.com, …   Behavior  and Social Networking,https://www.liebertpub.com/doi/abs/10.1089/cyber.2010.0135,80
184,"Kalpidou, D Costin, J Morris",The relationship between Facebook and the well-being of undergraduate college students,1041,2011, liebertpub.com, …   behavior  and social networking,https://www.liebertpub.com/doi/abs/10.1089/cyber.2010.0061,80
43,Lim,"Clicks, cabs, and coffee houses: Social media and oppositional movements in Egypt, 2004–2011",954,2012, academic.oup.com, Journal of communication,https://academic.oup.com/joc/article-abstract/62/2/231/4085788,80
174,"Golbeck, JM Grimes, A Rogers",Twitter use by the US Congress,1122,2010, Wiley Online Library, Journal of the American …,https://onlinelibrary.wiley.com/doi/abs/10.1002/asi.21344,80
234," Walther, B Van Der Heide, SY Kim…",The role of friends' appearance and behavior on evaluations of individuals on Facebook: Are we known by the company we keep?,1243,2008, academic.oup.com, Human …,https://academic.oup.com/hcr/article-abstract/34/1/28/4210811,78
167,"Durkee, M Kaess, V Carli, P Parzer, C Wasserman…",Prevalence of pathological internet use among adolescents in E urope: demographic and social factors,936,2012, Wiley Online Library, …,https://onlinelibrary.wiley.com/doi/abs/10.1111/j.1360-0443.2012.03946.x,78
129," Manago, MB Graham, PM Greenfield…",Self-presentation and gender on MySpace,1239,2008, Elsevier, Journal of Applied …,https://www.sciencedirect.com/science/article/pii/S0193397308000749,77
163," Tong, B Van Der Heide, L Langwell…",Too much of a good thing? The relationship between number of friends and interpersonal impressions on Facebook,1219,2008, academic.oup.com, Journal of computer …,https://academic.oup.com/jcmc/article-abstract/13/3/531/4582948,76
192," White, A Le Cornu",Visitors and Residents: A new typology for online engagement,992,2011, journals.uic.edu, First monday,http://journals.uic.edu/ojs/index.php/fm/article/view/3171,76
53,"Wilson, S Fornasier, KM White",Psychological predictors of young adults' use of social networking sites,1068,2010, liebertpub.com, …   behavior  and social networking,https://www.liebertpub.com/doi/abs/10.1089/cyber.2009.0094,76
244,Rieder,Studying Facebook via data extraction: the Netvizz application,826,2013, dl.acm.org, Proceedings of the 5th annual ACM web science …,https://dl.acm.org/doi/abs/10.1145/2464464.2464475,75
213,"Christofides, A Muise, S Desmarais",Information disclosure and control on Facebook: are they two sides of the same coin or two different processes?,1125,2009, liebertpub.com, Cyberpsychology & …,https://www.liebertpub.com/doi/abs/10.1089/cpb.2008.0226,75
238,"Backstrom, C Dwork, J Kleinberg","Wherefore art thou R3579X? Anonymized social networks, hidden patterns, and structural steganography",1274,2007, dl.acm.org, … conference on World Wide Web,https://dl.acm.org/doi/abs/10.1145/1242572.1242598,75
150,"Ramage, S Dumais, D Liebling",Characterizing microblogs with topic models,1056,2010, ojs.aaai.org, … on Web and Social Media,https://ojs.aaai.org/index.php/ICWSM/article/view/14026,75
102," Dodds, KD Harris, IM Kloumann, CA Bliss…",Temporal patterns of happiness and information in a global social network: Hedonometrics and Twitter,960,2011, journals.plos.org, PloS one,https://journals.plos.org/plosone/article?id=10.1371/journal.pone.0026752,74
10, Scott,"The new rules of marketing and PR: how to use social media, blogs, news releases, online video, and viral marketing to reach buyers directly",1097,2009, books.google.com,,https://books.google.com/books?hl=en&lr=&id=ZV-GPw5BYq0C&oi=fnd&pg=PA21&dq=child+policy+internet+social+network&ots=xsSGwv6Imh&sig=OV0P_68Y5v6NPaKj0DrBH3tC58A,73
89,Hawn,"Take two aspirin and tweet me in the morning: how Twitter, Facebook, and other social media are reshaping health care",1100,2009, healthaffairs.org, Health affairs,https://www.healthaffairs.org/doi/abs/10.1377/hlthaff.28.2.361,73
208,"Li, R Lu, X Liang, X Shen, J Chen…",Smart community: an internet of things application,931,2011, ieeexplore.ieee.org, IEEE Communications …,https://ieeexplore.ieee.org/abstract/document/6069711/,72
26,Evans,Social media marketing: the next generation of business engagement,1003,2010, books.google.com,,https://books.google.com/books?hl=en&lr=&id=7l2OR6giC6AC&oi=fnd&pg=PT7&dq=child+policy+internet+social+network&ots=jOM8y_-O7Z&sig=zToakNj9a16NJ31QMEt7Eg97jQk,72
113," Gosling, AA Augustine, S Vazire…",Manifestations of personality in online social networks: Self-reported Facebook-related behaviors and observable profile information,936,2011, liebertpub.com, … Social Networking,https://www.liebertpub.com/doi/abs/10.1089/cyber.2010.0087,72
135,"Vitak, P Zube, A Smock, CT Carr…",It's complicated: Facebook users' political participation in the 2008 election,942,2011, liebertpub.com, …   and social networking,https://www.liebertpub.com/doi/abs/10.1089/cyber.2009.0226,72
176,"Kossinets, DJ Watts",Origins of homophily in an evolving social network,1079,2009, journals.uchicago.edu, American journal of sociology,https://www.journals.uchicago.edu/doi/abs/10.1086/599247,72
146," Howard, MM Hussain",The upheavals in Egypt and Tunisia: The role of digital media,921,2011, muse.jhu.edu, Journal of democracy,https://muse.jhu.edu/pub/1/article/444758/summary,71
95," Krämer, S Winter","Impression management 2.0: The relationship of self-esteem, extraversion, self-efficacy, and self-presentation within social networking sites",1118,2008, econtent.hogrefe.com, Journal of media psychology,https://econtent.hogrefe.com/doi/abs/10.1027/1864-1105.20.3.106,70
183,"Mehroof, MD Griffiths","Online gaming addiction: The role of sensation seeking, self-control, neuroticism, aggression, state anxiety, and trait anxiety",965,2010, liebertpub.com, …   behavior  and social networking,https://www.liebertpub.com/doi/abs/10.1089/cyber.2009.0229,69
38,"Livingstone, L Haddon",EU Kids Online.,1015,2009, psycnet.apa.org, Zeitschrift Für Psychologie/Journal of …,https://psycnet.apa.org/record/2010-01097-016,68
172," Skeels, J Grudin",When social networks cross boundaries: a case study of workplace use of facebook and linkedin,1023,2009, dl.acm.org, Proceedings of the 2009 ACM International …,https://dl.acm.org/doi/abs/10.1145/1531674.1531689,68
160," Gardy, JC Johnston, SJH Sui, VJ Cook…",Whole-genome sequencing and social-network analysis of a tuberculosis outbreak,866,2011, Mass Medical Soc, … England Journal of …,https://www.nejm.org/doi/full/10.1056/nejmoa1003176,67
165,"Preece, B Shneiderman",The reader-to-leader framework: Motivating technology-mediated social participation,1012,2009, aisel.aisnet.org,computer …,https://aisel.aisnet.org/thci/vol1/iss1/5/,67
84,"DiMicco, DR Millen, W Geyer, C Dugan…",Motivations for social networking at work,1058,2008, dl.acm.org, Proceedings of the …,https://dl.acm.org/doi/abs/10.1145/1460563.1460674,66
230, Golbeck,Computing and applying trust in web-based social networks,1250,2005, search.proquest.com,,https://search.proquest.com/openview/c451ba5cad941df036aeba5f37052248/1?pq-origsite=gscholar&cbl=18750&diss=y,66
218,Rheingold,Net smart: How to thrive online,796,2012, books.google.com,,https://books.google.com/books?hl=en&lr=&id=o3EvRkgYv2MC&oi=fnd&pg=PR7&dq=child+policy+internet+social+network&ots=v5aaAc8wK_&sig=jzBeXgp91XZAeceJXxAYMCO9jxs,66
186," Strauss, HA Pollack",Social marginalization of overweight children,1390,2003, jamanetwork.com, Archives of pediatrics & adolescent …,https://jamanetwork.com/journals/jamapediatrics/article-abstract/481398,66
85,"Segerberg, WL Bennett",Social media and the organization of collective action: Using Twitter to explore the ecologies of two climate change protests,850,2011, Taylor & Francis, The Communication Review,https://www.tandfonline.com/doi/abs/10.1080/10714421.2011.597250,65
117," Borgatti, X Li",ON SOCIAL NETWORK ANALYSIS IN A SUPPLY CHAIN CONTEXT*,962,2009, Wiley Online Library, Journal of supply chain management,https://onlinelibrary.wiley.com/doi/abs/10.1111/j.1745-493X.2009.03166.x,64
75," Strasburger, AB Jordan, E Donnerstein",Health effects of media on children and adolescents,876,2010, publications.aap.org, Pediatrics,https://publications.aap.org/pediatrics/article-abstract/125/4/756/73121,63
56, Shin,"The effects of trust, security and privacy in social networking: A security-based approach to understand the pattern of adoption",854,2010, academic.oup.com, Interacting with computers,https://academic.oup.com/iwc/article-abstract/22/5/428/688656,61
9,"Lenhart, M Madden, A Smith, K Purcell…","Teens, Kindness and Cruelty on Social Network Sites: How American Teens Navigate the New World of"" Digital Citizenship"".",797,2011, ERIC, … Internet & American Life …,https://eric.ed.gov/?id=ED537516,61
216, Boyd,Taken out of context: American teen sociality in networked publics,960,2008, search.proquest.com,,https://search.proquest.com/openview/9cc930ef134daf46c17434d2992e8251/1?pq-origsite=gscholar&cbl=18750,60
144,"Potts, S Cunningham, J Hartley…",Social network markets: a new definition of the creative industries,921,2008, Springer, Journal of cultural …,https://link.springer.com/article/10.1007/s10824-008-9066-y,58
34," Yu, SW Tian, D Vogel, RCW Kwok",Can learning be virtually boosted? An investigation of online social networking impacts,797,2010, Elsevier, Computers & education,https://www.sciencedirect.com/science/article/pii/S0360131510001752,57
149,Tufekci,"Grooming, gossip, Facebook and MySpace: What can we learn about these sites from those who won't assimilate?",919,2008, Taylor & Francis, Information  Communication & Society,https://www.tandfonline.com/doi/abs/10.1080/13691180801999050,57
59,"Pfeil, R Arjan, P Zaphiris",Age differences in online social networking–A study of user profiles and the social capital divide among teenagers and older users in MySpace,844,2009, Elsevier, Computers in Human Behavior,https://www.sciencedirect.com/science/article/pii/S0747563208001714,56
162," Fiori, TC Antonucci, KS Cortina",Social network typologies and mental health among older adults,996,2006, academic.oup.com, … Sciences and Social …,https://academic.oup.com/psychsocgerontology/article-abstract/61/1/P25/550460,55
200,"Golden, RM Conroy, I Bruce…","Loneliness, social support networks, mood and wellbeing in community‐dwelling elderly",812,2009, Wiley Online Library, … Journal of Geriatric …,https://onlinelibrary.wiley.com/doi/abs/10.1002/gps.2181,54
20,Albrechtslund,Online social networking as participatory surveillance,861,2008, journals.uic.edu, First Monday,http://journals.uic.edu/ojs/index.php/fm/article/view/2142,54
31, Fong,Only hope: Coming of age under China's one-child policy,1063,2004, books.google.com,,https://books.google.com/books?hl=en&lr=&id=A0-la2vliXwC&oi=fnd&pg=PP9&dq=child+policy+internet+social+network&ots=PsY9TjaTNP&sig=Rx3UQXem8AvpuI2JzNc5j7vpGXM,53
189,"Chamberlain, C Kasari, E Rothera",Involvement or isolation? The social networks of children with autism in regular classrooms,875,2007, Springer, Journal of autism and …,https://link.springer.com/article/10.1007/s10803-006-0164-4,51
67,Bleakley,"Panic, pizza and mainstreaming the alt-right: A social media analysis of Pizzagate and the rise of the QAnon conspiracy",47,2023, journals.sagepub.com, Current Sociology,https://journals.sagepub.com/doi/abs/10.1177/00113921211034896,47
45," Pulido, L Rui",A new application of social impact in social media for overcoming fake news in health,179,2020, mdpi.com, International journal of …,https://www.mdpi.com/681614,45
148," Kent, C Li",Toward a normative social media theory for public relations,108,2020, Elsevier, Public Relations Review,https://www.sciencedirect.com/science/article/pii/S0363811118303527,27
219,"Agnihotri, KJ Trainor, OS Itani…",Examining the role of sales-based CRM technology and social media use on post-sale service behaviors in India,164,2017, Elsevier, Journal of Business …,https://www.sciencedirect.com/science/article/pii/S0148296317302837,23
250,Yan,Intergenerational intimacy and descending familism in rural north China,175,2016, Wiley Online Library, American Anthropologist,https://anthrosource.onlinelibrary.wiley.com/doi/abs/10.1111/aman.12527,22
116,"Shin, H Kang",Adolescents' privacy concerns and information disclosure online: The role of parents and the Internet,159,2016, Elsevier, Computers in Human Behavior,https://www.sciencedirect.com/science/article/pii/S0747563215300741,20
227,"Chancellor, JA Pater, T Clear, E Gilbert…",# thyghgapp: Instagram content moderation and lexical variation in pro-eating disorder communities,162,2016, dl.acm.org, … work & social …,https://dl.acm.org/doi/abs/10.1145/2818048.2819963,20
220,"Yu, X Li, W Zhang","Predicting adolescent problematic online game use from teacher autonomy support, basic psychological needs satisfaction, and school engagement: A 2-year …",167,2015, liebertpub.com, …   Behavior  and Social Networking,https://www.liebertpub.com/doi/abs/10.1089/cyber.2014.0385,19
204,"Kim, Z Xiang, DR Fesenmaier",Use of the internet for trip planning: A generational analysis,161,2015, Taylor & Francis, Journal of travel & tourism …,https://www.tandfonline.com/doi/abs/10.1080/10548408.2014.896765,18
156," Bickham, Y Hswen, M Rich","Media use and depression: exposure, household rules, and symptoms among young adolescents in the USA",166,2015, Springer, International journal of public health,https://link.springer.com/article/10.1007/s00038-014-0647-6,18
131," Seo, Y Huang",Systematic Review of Social Network Analysis in Adolescent Cigarette Smoking Behavior*,157,2012, Wiley Online Library, Journal of School Health,https://onlinelibrary.wiley.com/doi/abs/10.1111/j.1746-1561.2011.00663.x,13
88,Rice,The positive role of social networks and social networking technology in the condom-using behaviors of homeless young people,154,2010, journals.sagepub.com, Public health reports,https://journals.sagepub.com/doi/pdf/10.1177/003335491012500414,11
55, Le,"Early adolescents as publics: A national survey of teens with social media accounts, their media use preferences, parental mediation, and perceived Internet literacy",86,2016, Elsevier, Public Relations Review,https://www.sciencedirect.com/science/article/pii/S0363811115301417,11
71," Hsing, J Ma, A Barrer","Influence of health beliefs on adherence to COVID-19 preventative practices: International, social media–based survey study",29,2021, jmir.org, … of medical Internet …,https://www.jmir.org/2021/2/e23720/,10
145," DeBord, V Patel, TL Braun…","Social media in dermatology: clinical relevance, academic value, and trends across platforms",58,2018, Taylor & Francis, Journal of Dermatological …,https://www.tandfonline.com/doi/shareview/10.1080/09546634.2018.1530444,10
103,"Vasalou, A Joinson, T Bänziger, P Goldie…","Avatars in social media: Balancing accuracy, playfulness and embodied messages",155,2008, Elsevier, International Journal of …,https://www.sciencedirect.com/science/article/pii/S1071581908000943,10
228," Notar, S Padgett, J Roden",Cyberbullying: Resources for Intervention and Prevention.,84,2013, ERIC, Universal Journal of Educational Research,https://eric.ed.gov/?id=EJ1053892,8
104,"Chauhan, R George, J Coffin",Social media and you: what every physician needs to know,86,2012, researchgate.net, J Med Pract Manage,https://www.researchgate.net/profile/Janis-Coffin-2/publication/235364886_Social_media_and_you_What_every_physician_needs_to_know/links/589b616a92851c942ddad859/Social-media-and-you-What-every-physician-needs-to-know.pdf,7
196,Meyer,Making Friends: The Art of Social Networking in Life and Online,82,2011, books.google.com,,https://books.google.com/books?hl=en&lr=&id=x5v3l2-QZIAC&oi=fnd&pg=PP1&dq=child+policy+internet+social+network&ots=Hu_7oZaQ7j&sig=8chZ3CLK9D-YxLEzx_3dfSRy9bI,6
28,Brydolf,Minding MySpace: Balancing the benefits and risks of students' online social networks,83,2007, search.proquest.com, The Education Digest,https://search.proquest.com/openview/f46ad7c15f7147a2c5009300f8bdc875/1.pdf?pq-origsite=gscholar&cbl=25066,5
134," Belch, MA Belch, MA Guolla…",Advertising and promotion: An integrated marketing communications perspective,8962,0,prod.mheducation.com …,,http://ecommerce-prod.mheducation.com.s3.amazonaws.com/unitas/highered/changes/belch-integrated-marketing-12e.pdf,4
78," Mullen, C Griffith, JH Greene, GW Lambie",Social media and professional school counselors: Ethical and legal considerations,31,2014, scholarworks.wm.edu,,https://scholarworks.wm.edu/educationpubs/118/,3
194,"Brandes, LC Freeman, D Wagner",Social networks,955,0,konstanz.de,,http://kops.uni-konstanz.de/bitstream/handle/123456789/25963/Brandes_259637.pdf?sequence=2,0
